{
  "customer": {
    "firstname": "Chris",
    "lastname": "M",
    "id": 25179
  },
  "order": {
    "items": [
      {
        "ordercode": "a123",
        "description": "widget",
        "quantity": 2,
        "price": 6.99
      },
      {
        "ordercode": "a129",
        "description": "clamp",
        "quantity": 1,
        "price": 0.29
      }
    ],
    "shippingDetails": {
      "address": {
        "street": "1 Mapping Dr.",
        "city": "San Jose",
        "state": "CA",
        "zip": 95134
      }
    }
  }
}
