<?xml version="1.0" encoding="UTF-8"?>
<!-- ***************************************************** {COPYRIGHT-TOP} ***
* Licensed Materials - Property of IBM
* 5725-C11, 5725-C12, 7198-8FX, 5725-F70, 5725-F71, 5725-F72, 5725-L30, 5725-Z22, 5725-Z63, 5725-U33
*
* (C) Copyright IBM Corporation 2014, 2017
*
* US Government Users Restricted Rights - Use, duplication, or
* disclosure restricted by GSA ADP Schedule Contract with IBM Corp.
********************************************************** {COPYRIGHT-END} -->
<errorResponse>
  <httpCode><webapi-passedProtocolErrorCode/></httpCode>
  <httpMessage><webapi-passedProtocolErrorMessage/></httpMessage>
  <moreInformation><webapi-passedFriendlyErrorMessage/></moreInformation>
</errorResponse>
